dataset,sample_id,ast_parsed,syntax_error,indentation_error,structural_error,error_type,line,message,structural_details
DS1000,0,True,0,0,0,,,,[]
DS1000,1,True,0,0,0,,,,[]
DS1000,2,True,0,0,0,,,,[]
DS1000,3,True,0,0,0,,,,[]
DS1000,4,False,0,1,0,IndentationError,5.0,"expected an indented block after function definition on line 4 (<unknown>, line 5)",[]
DS1000,5,True,0,0,0,,,,[]
DS1000,6,True,0,0,0,,,,[]
DS1000,7,True,0,0,0,,,,[]
DS1000,8,True,0,0,0,,,,[]
DS1000,9,True,0,0,0,,,,[]
DS1000,10,True,0,0,0,,,,[]
DS1000,11,True,0,0,0,,,,[]
DS1000,12,False,0,1,0,IndentationError,5.0,"expected an indented block after function definition on line 4 (<unknown>, line 5)",[]
DS1000,13,True,0,0,0,,,,[]
DS1000,14,True,0,0,0,,,,[]
DS1000,15,True,0,0,0,,,,[]
DS1000,16,True,0,0,0,,,,[]
DS1000,17,True,0,0,0,,,,[]
DS1000,18,True,0,0,0,,,,[]
DS1000,19,True,0,0,0,,,,[]
DS1000,20,True,0,0,0,,,,[]
DS1000,21,True,0,0,0,,,,[]
DS1000,22,True,0,0,0,,,,[]
DS1000,23,True,0,0,0,,,,[]
DS1000,24,True,0,0,0,,,,[]
DS1000,25,True,0,0,0,,,,[]
DS1000,26,True,0,0,0,,,,[]
DS1000,27,True,0,0,0,,,,[]
DS1000,28,True,0,0,0,,,,[]
DS1000,29,True,0,0,0,,,,[]
DS1000,30,True,0,0,0,,,,[]
DS1000,31,True,0,0,0,,,,[]
DS1000,32,True,0,0,0,,,,[]
DS1000,33,True,0,0,0,,,,[]
DS1000,34,True,0,0,0,,,,[]
DS1000,35,True,0,0,0,,,,[]
DS1000,36,True,0,0,0,,,,[]
DS1000,37,True,0,0,0,,,,[]
DS1000,38,True,0,0,0,,,,[]
DS1000,39,True,0,0,0,,,,[]
DS1000,40,True,0,0,0,,,,[]
DS1000,41,True,0,0,0,,,,[]
DS1000,42,True,0,0,0,,,,[]
DS1000,43,True,0,0,0,,,,[]
DS1000,44,True,0,0,0,,,,[]
DS1000,45,True,0,0,0,,,,[]
DS1000,46,True,0,0,0,,,,[]
DS1000,47,True,0,0,0,,,,[]
DS1000,48,True,0,0,0,,,,[]
DS1000,49,True,0,0,0,,,,[]
DS1000,50,True,0,0,0,,,,[]
DS1000,51,True,0,0,0,,,,[]
DS1000,52,True,0,0,0,,,,[]
DS1000,53,True,0,0,0,,,,[]
DS1000,54,True,0,0,0,,,,[]
DS1000,55,True,0,0,0,,,,[]
DS1000,56,True,0,0,0,,,,[]
DS1000,57,True,0,0,0,,,,[]
DS1000,58,True,0,0,0,,,,[]
DS1000,59,True,0,0,0,,,,[]
DS1000,60,True,0,0,0,,,,[]
DS1000,61,True,0,0,0,,,,[]
DS1000,62,True,0,0,0,,,,[]
DS1000,63,False,0,1,0,IndentationError,5.0,"expected an indented block after function definition on line 4 (<unknown>, line 5)",[]
DS1000,64,True,0,0,0,,,,[]
DS1000,65,True,0,0,0,,,,[]
DS1000,66,True,0,0,0,,,,[]
DS1000,67,True,0,0,0,,,,[]
DS1000,68,True,0,0,0,,,,[]
DS1000,69,True,0,0,0,,,,[]
DS1000,70,False,0,1,0,IndentationError,5.0,"expected an indented block after function definition on line 4 (<unknown>, line 5)",[]
DS1000,71,False,0,1,0,IndentationError,5.0,"expected an indented block after function definition on line 4 (<unknown>, line 5)",[]
DS1000,72,False,0,1,0,IndentationError,5.0,"expected an indented block after function definition on line 4 (<unknown>, line 5)",[]
DS1000,73,True,0,0,0,,,,[]
DS1000,74,True,0,0,0,,,,[]
DS1000,75,True,0,0,0,,,,[]
DS1000,76,True,0,0,0,,,,[]
DS1000,77,True,0,0,0,,,,[]
DS1000,78,True,0,0,0,,,,[]
DS1000,79,True,0,0,0,,,,[]
DS1000,80,True,0,0,0,,,,[]
DS1000,81,True,0,0,0,,,,[]
DS1000,82,True,0,0,0,,,,[]
DS1000,83,True,0,0,0,,,,[]
DS1000,84,True,0,0,0,,,,[]
DS1000,85,True,0,0,0,,,,[]
DS1000,86,True,0,0,0,,,,[]
DS1000,87,False,0,1,0,IndentationError,5.0,"expected an indented block after function definition on line 4 (<unknown>, line 5)",[]
DS1000,88,True,0,0,0,,,,[]
DS1000,89,True,0,0,0,,,,[]
DS1000,90,True,0,0,0,,,,[]
DS1000,91,True,0,0,0,,,,[]
DS1000,92,True,0,0,0,,,,[]
DS1000,93,False,0,1,0,IndentationError,5.0,"expected an indented block after function definition on line 4 (<unknown>, line 5)",[]
DS1000,94,False,0,1,0,IndentationError,5.0,"expected an indented block after function definition on line 4 (<unknown>, line 5)",[]
DS1000,95,True,0,0,0,,,,[]
DS1000,96,True,0,0,0,,,,[]
DS1000,97,True,0,0,0,,,,[]
DS1000,98,True,0,0,0,,,,[]
DS1000,99,False,1,0,0,SyntaxError,5.0,"closing parenthesis ']' does not match opening parenthesis '(' (<unknown>, line 5)",[]
DS1000,100,True,0,0,0,,,,[]
DS1000,101,True,0,0,0,,,,[]
DS1000,102,False,0,1,0,IndentationError,5.0,"expected an indented block after function definition on line 4 (<unknown>, line 5)",[]
DS1000,103,True,0,0,0,,,,[]
DS1000,104,True,0,0,0,,,,[]
DS1000,105,True,0,0,0,,,,[]
DS1000,106,True,0,0,0,,,,[]
DS1000,107,True,0,0,0,,,,[]
DS1000,108,True,0,0,0,,,,[]
DS1000,109,True,0,0,0,,,,[]
DS1000,110,True,0,0,0,,,,[]
DS1000,111,True,0,0,0,,,,[]
DS1000,112,True,0,0,0,,,,[]
DS1000,113,True,0,0,0,,,,[]
DS1000,114,False,0,1,0,IndentationError,5.0,"expected an indented block after function definition on line 4 (<unknown>, line 5)",[]
DS1000,115,True,0,0,0,,,,[]
DS1000,116,True,0,0,0,,,,[]
DS1000,117,True,0,0,0,,,,[]
DS1000,118,True,0,0,0,,,,[]
DS1000,119,True,0,0,0,,,,[]
DS1000,120,False,0,1,0,IndentationError,7.0,"expected an indented block after function definition on line 6 (<unknown>, line 7)",[]
DS1000,121,True,0,0,0,,,,[]
DS1000,122,True,0,0,0,,,,[]
DS1000,123,True,0,0,0,,,,[]
DS1000,124,True,0,0,0,,,,[]
DS1000,125,True,0,0,0,,,,[]
DS1000,126,True,0,0,0,,,,[]
DS1000,127,True,0,0,0,,,,[]
DS1000,128,True,0,0,0,,,,[]
DS1000,129,True,0,0,0,,,,[]
DS1000,130,True,0,0,0,,,,[]
DS1000,131,True,0,0,0,,,,[]
DS1000,132,False,0,1,0,IndentationError,5.0,"expected an indented block after function definition on line 4 (<unknown>, line 5)",[]
DS1000,133,True,0,0,0,,,,[]
DS1000,134,True,0,0,0,,,,[]
DS1000,135,True,0,0,0,,,,[]
DS1000,136,True,0,0,0,,,,[]
DS1000,137,True,0,0,0,,,,[]
DS1000,138,True,0,0,0,,,,[]
DS1000,139,True,0,0,0,,,,[]
DS1000,140,True,0,0,0,,,,[]
DS1000,141,True,0,0,0,,,,[]
DS1000,142,True,0,0,0,,,,[]
DS1000,143,True,0,0,0,,,,[]
DS1000,144,True,0,0,0,,,,[]
DS1000,145,True,0,0,0,,,,[]
DS1000,146,True,0,0,0,,,,[]
DS1000,147,True,0,0,0,,,,[]
DS1000,148,True,0,0,0,,,,[]
DS1000,149,True,0,0,0,,,,[]
DS1000,150,True,0,0,0,,,,[]
DS1000,151,True,0,0,0,,,,[]
DS1000,152,True,0,0,0,,,,[]
DS1000,153,True,0,0,0,,,,[]
DS1000,154,True,0,0,0,,,,[]
DS1000,155,True,0,0,0,,,,[]
DS1000,156,True,0,0,0,,,,[]
DS1000,157,True,0,0,0,,,,[]
DS1000,158,True,0,0,0,,,,[]
DS1000,159,True,0,0,0,,,,[]
DS1000,160,True,0,0,0,,,,[]
DS1000,161,True,0,0,0,,,,[]
DS1000,162,True,0,0,0,,,,[]
DS1000,163,True,0,0,0,,,,[]
DS1000,164,True,0,0,0,,,,[]
DS1000,165,True,0,0,0,,,,[]
DS1000,166,True,0,0,0,,,,[]
DS1000,167,True,0,0,0,,,,[]
DS1000,168,True,0,0,0,,,,[]
DS1000,169,True,0,0,0,,,,[]
DS1000,170,True,0,0,0,,,,[]
DS1000,171,True,0,0,0,,,,[]
DS1000,172,True,0,0,0,,,,[]
DS1000,173,True,0,0,0,,,,[]
DS1000,174,True,0,0,0,,,,[]
DS1000,175,True,0,0,0,,,,[]
DS1000,176,True,0,0,0,,,,[]
DS1000,177,True,0,0,0,,,,[]
DS1000,178,True,0,0,0,,,,[]
DS1000,179,True,0,0,0,,,,[]
DS1000,180,True,0,0,0,,,,[]
DS1000,181,True,0,0,0,,,,[]
DS1000,182,True,0,0,0,,,,[]
DS1000,183,False,0,1,0,IndentationError,5.0,"expected an indented block after function definition on line 4 (<unknown>, line 5)",[]
DS1000,184,True,0,0,0,,,,[]
DS1000,185,True,0,0,0,,,,[]
DS1000,186,True,0,0,0,,,,[]
DS1000,187,True,0,0,0,,,,[]
DS1000,188,True,0,0,0,,,,[]
DS1000,189,True,0,0,0,,,,[]
DS1000,190,True,0,0,0,,,,[]
DS1000,191,True,0,0,0,,,,[]
DS1000,192,True,0,0,0,,,,[]
DS1000,193,True,0,0,0,,,,[]
DS1000,194,True,0,0,0,,,,[]
DS1000,195,True,0,0,0,,,,[]
DS1000,196,True,0,0,0,,,,[]
DS1000,197,True,0,0,0,,,,[]
DS1000,198,True,0,0,0,,,,[]
DS1000,199,True,0,0,0,,,,[]
DS1000,200,True,0,0,0,,,,[]
DS1000,201,True,0,0,0,,,,[]
DS1000,202,True,0,0,0,,,,[]
DS1000,203,True,0,0,0,,,,[]
DS1000,204,False,0,1,0,IndentationError,5.0,"expected an indented block after function definition on line 4 (<unknown>, line 5)",[]
DS1000,205,True,0,0,0,,,,[]
DS1000,206,True,0,0,0,,,,[]
DS1000,207,True,0,0,0,,,,[]
DS1000,208,True,0,0,0,,,,[]
DS1000,209,True,0,0,0,,,,[]
DS1000,210,True,0,0,0,,,,[]
DS1000,211,True,0,0,0,,,,[]
DS1000,212,True,0,0,0,,,,[]
DS1000,213,True,0,0,0,,,,[]
DS1000,214,True,0,0,0,,,,[]
DS1000,215,True,0,0,0,,,,[]
DS1000,216,True,0,0,0,,,,[]
DS1000,217,True,0,0,0,,,,[]
DS1000,218,True,0,0,0,,,,[]
DS1000,219,True,0,0,0,,,,[]
DS1000,220,True,0,0,0,,,,[]
DS1000,221,True,0,0,0,,,,[]
DS1000,222,False,0,1,0,IndentationError,5.0,"expected an indented block after function definition on line 4 (<unknown>, line 5)",[]
DS1000,223,True,0,0,0,,,,[]
DS1000,224,True,0,0,0,,,,[]
DS1000,225,True,0,0,0,,,,[]
DS1000,226,True,0,0,0,,,,[]
DS1000,227,True,0,0,0,,,,[]
DS1000,228,True,0,0,0,,,,[]
DS1000,229,True,0,0,0,,,,[]
DS1000,230,True,0,0,0,,,,[]
DS1000,231,True,0,0,0,,,,[]
DS1000,232,True,0,0,0,,,,[]
DS1000,233,True,0,0,0,,,,[]
DS1000,234,True,0,0,0,,,,[]
DS1000,235,True,0,0,0,,,,[]
DS1000,236,True,0,0,0,,,,[]
DS1000,237,True,0,0,0,,,,[]
DS1000,238,True,0,0,0,,,,[]
DS1000,239,True,0,0,0,,,,[]
DS1000,240,True,0,0,0,,,,[]
DS1000,241,True,0,0,0,,,,[]
DS1000,242,True,0,0,0,,,,[]
DS1000,243,True,0,0,0,,,,[]
DS1000,244,True,0,0,0,,,,[]
DS1000,245,True,0,0,0,,,,[]
DS1000,246,True,0,0,0,,,,[]
DS1000,247,True,0,0,0,,,,[]
DS1000,248,True,0,0,0,,,,[]
DS1000,249,True,0,0,0,,,,[]
DS1000,250,True,0,0,0,,,,[]
DS1000,251,True,0,0,0,,,,[]
DS1000,252,True,0,0,0,,,,[]
DS1000,253,True,0,0,0,,,,[]
DS1000,254,True,0,0,0,,,,[]
DS1000,255,True,0,0,0,,,,[]
DS1000,256,True,0,0,0,,,,[]
DS1000,257,True,0,0,0,,,,[]
DS1000,258,True,0,0,0,,,,[]
DS1000,259,True,0,0,0,,,,[]
DS1000,260,True,0,0,0,,,,[]
DS1000,261,True,0,0,0,,,,[]
DS1000,262,True,0,0,0,,,,[]
DS1000,263,True,0,0,0,,,,[]
DS1000,264,True,0,0,0,,,,[]
DS1000,265,True,0,0,0,,,,[]
DS1000,266,True,0,0,0,,,,[]
DS1000,267,True,0,0,0,,,,[]
DS1000,268,True,0,0,0,,,,[]
DS1000,269,True,0,0,0,,,,[]
DS1000,270,True,0,0,0,,,,[]
DS1000,271,True,0,0,0,,,,[]
DS1000,272,True,0,0,0,,,,[]
DS1000,273,True,0,0,0,,,,[]
DS1000,274,True,0,0,0,,,,[]
DS1000,275,True,0,0,0,,,,[]
DS1000,276,True,0,0,0,,,,[]
DS1000,277,True,0,0,0,,,,[]
DS1000,278,True,0,0,0,,,,[]
DS1000,279,True,0,0,0,,,,[]
DS1000,280,True,0,0,0,,,,[]
DS1000,281,True,0,0,0,,,,[]
DS1000,282,True,0,0,0,,,,[]
DS1000,283,True,0,0,0,,,,[]
DS1000,284,True,0,0,0,,,,[]
DS1000,285,True,0,0,0,,,,[]
DS1000,286,True,0,0,0,,,,[]
DS1000,287,True,0,0,0,,,,[]
DS1000,288,True,0,0,0,,,,[]
DS1000,289,True,0,0,0,,,,[]
DS1000,290,True,0,0,0,,,,[]
DS1000,291,True,0,0,0,,,,[]
DS1000,292,True,0,0,0,,,,[]
DS1000,293,True,0,0,0,,,,[]
DS1000,294,True,0,0,0,,,,[]
DS1000,295,True,0,0,0,,,,[]
DS1000,296,True,0,0,0,,,,[]
DS1000,297,True,0,0,0,,,,[]
DS1000,298,True,0,0,0,,,,[]
DS1000,299,True,0,0,0,,,,[]
DS1000,300,True,0,0,0,,,,[]
DS1000,301,True,0,0,0,,,,[]
DS1000,302,True,0,0,0,,,,[]
DS1000,303,True,0,0,0,,,,[]
DS1000,304,True,0,0,0,,,,[]
DS1000,305,True,0,0,0,,,,[]
DS1000,306,True,0,0,0,,,,[]
DS1000,307,True,0,0,0,,,,[]
DS1000,308,True,0,0,0,,,,[]
DS1000,309,True,0,0,0,,,,[]
DS1000,310,True,0,0,0,,,,[]
DS1000,311,True,0,0,0,,,,[]
DS1000,312,True,0,0,0,,,,[]
DS1000,313,False,0,1,0,IndentationError,5.0,"expected an indented block after function definition on line 4 (<unknown>, line 5)",[]
DS1000,314,True,0,0,0,,,,[]
DS1000,315,True,0,0,0,,,,[]
DS1000,316,True,0,0,0,,,,[]
DS1000,317,True,0,0,0,,,,[]
DS1000,318,True,0,0,0,,,,[]
DS1000,319,True,0,0,0,,,,[]
DS1000,320,True,0,0,0,,,,[]
DS1000,321,True,0,0,0,,,,[]
DS1000,322,True,0,0,0,,,,[]
DS1000,323,True,0,0,0,,,,[]
DS1000,324,True,0,0,0,,,,[]
DS1000,325,True,0,0,0,,,,[]
DS1000,326,True,0,0,0,,,,[]
DS1000,327,True,0,0,0,,,,[]
DS1000,328,True,0,0,0,,,,[]
DS1000,329,True,0,0,0,,,,[]
DS1000,330,False,0,1,0,IndentationError,5.0,"expected an indented block after function definition on line 4 (<unknown>, line 5)",[]
DS1000,331,True,0,0,0,,,,[]
DS1000,332,False,0,1,0,IndentationError,5.0,"expected an indented block after function definition on line 4 (<unknown>, line 5)",[]
DS1000,333,True,0,0,0,,,,[]
DS1000,334,True,0,0,0,,,,[]
DS1000,335,True,0,0,0,,,,[]
DS1000,336,True,0,0,0,,,,[]
DS1000,337,True,0,0,0,,,,[]
DS1000,338,True,0,0,0,,,,[]
DS1000,339,True,0,0,0,,,,[]
DS1000,340,True,0,0,0,,,,[]
DS1000,341,True,0,0,0,,,,[]
DS1000,342,False,0,1,0,IndentationError,5.0,"expected an indented block after function definition on line 4 (<unknown>, line 5)",[]
DS1000,343,True,0,0,0,,,,[]
DS1000,344,True,0,0,0,,,,[]
DS1000,345,True,0,0,0,,,,[]
DS1000,346,True,0,0,0,,,,[]
DS1000,347,True,0,0,0,,,,[]
DS1000,348,True,0,0,0,,,,[]
DS1000,349,True,0,0,0,,,,[]
DS1000,350,True,0,0,0,,,,[]
DS1000,351,True,0,0,0,,,,[]
DS1000,352,True,0,0,0,,,,[]
DS1000,353,True,0,0,0,,,,[]
DS1000,354,True,0,0,0,,,,[]
DS1000,355,True,0,0,0,,,,[]
DS1000,356,True,0,0,0,,,,[]
DS1000,357,True,0,0,0,,,,[]
DS1000,358,True,0,0,0,,,,[]
DS1000,359,True,0,0,0,,,,[]
DS1000,360,True,0,0,0,,,,[]
DS1000,361,True,0,0,0,,,,[]
DS1000,362,True,0,0,0,,,,[]
DS1000,363,True,0,0,0,,,,[]
DS1000,364,True,0,0,0,,,,[]
DS1000,365,False,0,1,0,IndentationError,5.0,"expected an indented block after function definition on line 4 (<unknown>, line 5)",[]
DS1000,366,True,0,0,0,,,,[]
DS1000,367,True,0,0,0,,,,[]
DS1000,368,True,0,0,0,,,,[]
DS1000,369,True,0,0,0,,,,[]
DS1000,370,False,0,1,0,IndentationError,5.0,"expected an indented block after function definition on line 4 (<unknown>, line 5)",[]
DS1000,371,True,0,0,0,,,,[]
DS1000,372,False,0,1,0,IndentationError,5.0,"expected an indented block after function definition on line 4 (<unknown>, line 5)",[]
DS1000,373,True,0,0,0,,,,[]
DS1000,374,True,0,0,0,,,,[]
DS1000,375,True,0,0,0,,,,[]
DS1000,376,True,0,0,0,,,,[]
DS1000,377,True,0,0,0,,,,[]
DS1000,378,True,0,0,0,,,,[]
DS1000,379,True,0,0,0,,,,[]
DS1000,380,True,0,0,0,,,,[]
DS1000,381,True,0,0,0,,,,[]
DS1000,382,True,0,0,0,,,,[]
DS1000,383,True,0,0,0,,,,[]
DS1000,384,True,0,0,0,,,,[]
DS1000,385,True,0,0,0,,,,[]
DS1000,386,True,0,0,0,,,,[]
DS1000,387,True,0,0,0,,,,[]
DS1000,388,True,0,0,0,,,,[]
DS1000,389,True,0,0,0,,,,[]
DS1000,390,True,0,0,0,,,,[]
DS1000,391,True,0,0,0,,,,[]
DS1000,392,True,0,0,0,,,,[]
DS1000,393,True,0,0,0,,,,[]
DS1000,394,True,0,0,0,,,,[]
DS1000,395,True,0,0,0,,,,[]
DS1000,396,True,0,0,0,,,,[]
DS1000,397,False,0,1,0,IndentationError,5.0,"expected an indented block after function definition on line 4 (<unknown>, line 5)",[]
DS1000,398,True,0,0,0,,,,[]
DS1000,399,True,0,0,0,,,,[]
DS1000,400,True,0,0,0,,,,[]
DS1000,401,True,0,0,0,,,,[]
DS1000,402,True,0,0,0,,,,[]
DS1000,403,True,0,0,0,,,,[]
DS1000,404,True,0,0,0,,,,[]
DS1000,405,True,0,0,0,,,,[]
DS1000,406,True,0,0,0,,,,[]
DS1000,407,True,0,0,0,,,,[]
DS1000,408,True,0,0,0,,,,[]
DS1000,409,True,0,0,0,,,,[]
DS1000,410,True,0,0,0,,,,[]
DS1000,411,True,0,0,0,,,,[]
DS1000,412,True,0,0,0,,,,[]
DS1000,413,True,0,0,0,,,,[]
DS1000,414,True,0,0,0,,,,[]
DS1000,415,True,0,0,0,,,,[]
DS1000,416,True,0,0,0,,,,[]
DS1000,417,True,0,0,0,,,,[]
DS1000,418,True,0,0,0,,,,[]
DS1000,419,True,0,0,0,,,,[]
DS1000,420,True,0,0,0,,,,[]
DS1000,421,True,0,0,0,,,,[]
DS1000,422,True,0,0,0,,,,[]
DS1000,423,True,0,0,0,,,,[]
DS1000,424,True,0,0,0,,,,[]
DS1000,425,True,0,0,0,,,,[]
DS1000,426,True,0,0,0,,,,[]
DS1000,427,True,0,0,0,,,,[]
DS1000,428,True,0,0,0,,,,[]
DS1000,429,True,0,0,0,,,,[]
DS1000,430,False,0,1,0,IndentationError,5.0,"expected an indented block after function definition on line 4 (<unknown>, line 5)",[]
DS1000,431,True,0,0,0,,,,[]
DS1000,432,True,0,0,0,,,,[]
DS1000,433,True,0,0,0,,,,[]
DS1000,434,True,0,0,0,,,,[]
DS1000,435,True,0,0,0,,,,[]
DS1000,436,True,0,0,0,,,,[]
DS1000,437,True,0,0,0,,,,[]
DS1000,438,True,0,0,0,,,,[]
DS1000,439,True,0,0,0,,,,[]
DS1000,440,True,0,0,0,,,,[]
DS1000,441,True,0,0,0,,,,[]
DS1000,442,True,0,0,0,,,,[]
DS1000,443,True,0,0,0,,,,[]
DS1000,444,True,0,0,0,,,,[]
DS1000,445,True,0,0,0,,,,[]
DS1000,446,True,0,0,0,,,,[]
DS1000,447,False,0,1,0,IndentationError,6.0,"expected an indented block after function definition on line 5 (<unknown>, line 6)",[]
DS1000,448,True,0,0,0,,,,[]
DS1000,449,True,0,0,0,,,,[]
DS1000,450,True,0,0,0,,,,[]
DS1000,451,True,0,0,0,,,,[]
DS1000,452,True,0,0,0,,,,[]
DS1000,453,True,0,0,0,,,,[]
DS1000,454,True,0,0,0,,,,[]
DS1000,455,True,0,0,0,,,,[]
DS1000,456,True,0,0,0,,,,[]
DS1000,457,True,0,0,0,,,,[]
DS1000,458,True,0,0,0,,,,[]
DS1000,459,True,0,0,0,,,,[]
DS1000,460,True,0,0,0,,,,[]
DS1000,461,True,0,0,0,,,,[]
DS1000,462,True,0,0,0,,,,[]
DS1000,463,True,0,0,0,,,,[]
DS1000,464,True,0,0,0,,,,[]
DS1000,465,False,0,1,0,IndentationError,6.0,"expected an indented block after function definition on line 5 (<unknown>, line 6)",[]
DS1000,466,True,0,0,0,,,,[]
DS1000,467,True,0,0,0,,,,[]
DS1000,468,True,0,0,0,,,,[]
DS1000,469,True,0,0,0,,,,[]
DS1000,470,False,0,1,0,IndentationError,5.0,"expected an indented block after function definition on line 4 (<unknown>, line 5)",[]
DS1000,471,True,0,0,0,,,,[]
DS1000,472,True,0,0,0,,,,[]
DS1000,473,True,0,0,0,,,,[]
DS1000,474,True,0,0,0,,,,[]
DS1000,475,True,0,0,0,,,,[]
DS1000,476,True,0,0,0,,,,[]
DS1000,477,True,0,0,0,,,,[]
DS1000,478,True,0,0,0,,,,[]
DS1000,479,True,0,0,0,,,,[]
DS1000,480,True,0,0,0,,,,[]
DS1000,481,True,0,0,0,,,,[]
DS1000,482,True,0,0,0,,,,[]
DS1000,483,True,0,0,0,,,,[]
DS1000,484,True,0,0,0,,,,[]
DS1000,485,True,0,0,0,,,,[]
DS1000,486,True,0,0,0,,,,[]
DS1000,487,True,0,0,0,,,,[]
DS1000,488,True,0,0,0,,,,[]
DS1000,489,True,0,0,0,,,,[]
DS1000,490,True,0,0,0,,,,[]
DS1000,491,True,0,0,0,,,,[]
DS1000,492,True,0,0,0,,,,[]
DS1000,493,True,0,0,0,,,,[]
DS1000,494,True,0,0,0,,,,[]
DS1000,495,True,0,0,0,,,,[]
DS1000,496,True,0,0,0,,,,[]
DS1000,497,True,0,0,0,,,,[]
DS1000,498,False,0,1,0,IndentationError,5.0,"expected an indented block after function definition on line 4 (<unknown>, line 5)",[]
DS1000,499,True,0,0,0,,,,[]
DS1000,500,True,0,0,0,,,,[]
DS1000,501,True,0,0,0,,,,[]
DS1000,502,True,0,0,0,,,,[]
DS1000,503,True,0,0,0,,,,[]
DS1000,504,True,0,0,0,,,,[]
DS1000,505,True,0,0,0,,,,[]
DS1000,506,True,0,0,0,,,,[]
DS1000,507,True,0,0,0,,,,[]
DS1000,508,True,0,0,0,,,,[]
DS1000,509,True,0,0,0,,,,[]
DS1000,510,True,0,0,0,,,,[]
DS1000,511,True,0,0,0,,,,[]
DS1000,512,True,0,0,0,,,,[]
DS1000,513,True,0,0,0,,,,[]
DS1000,514,True,0,0,0,,,,[]
DS1000,515,True,0,0,0,,,,[]
DS1000,516,True,0,0,0,,,,[]
DS1000,517,True,0,0,0,,,,[]
DS1000,518,True,0,0,0,,,,[]
DS1000,519,True,0,0,0,,,,[]
DS1000,520,True,0,0,0,,,,[]
DS1000,521,True,0,0,0,,,,[]
DS1000,522,True,0,0,0,,,,[]
DS1000,523,True,0,0,0,,,,[]
DS1000,524,True,0,0,0,,,,[]
DS1000,525,True,0,0,0,,,,[]
DS1000,526,True,0,0,0,,,,[]
DS1000,527,True,0,0,0,,,,[]
DS1000,528,True,0,0,0,,,,[]
DS1000,529,True,0,0,0,,,,[]
DS1000,530,True,0,0,0,,,,[]
DS1000,531,True,0,0,0,,,,[]
DS1000,532,True,0,0,0,,,,[]
DS1000,533,True,0,0,0,,,,[]
DS1000,534,True,0,0,0,,,,[]
DS1000,535,True,0,0,0,,,,[]
DS1000,536,True,0,0,0,,,,[]
DS1000,537,True,0,0,0,,,,[]
DS1000,538,True,0,0,0,,,,[]
DS1000,539,True,0,0,0,,,,[]
DS1000,540,True,0,0,0,,,,[]
DS1000,541,True,0,0,0,,,,[]
DS1000,542,True,0,0,0,,,,[]
DS1000,543,True,0,0,0,,,,[]
DS1000,544,True,0,0,0,,,,[]
DS1000,545,True,0,0,0,,,,[]
DS1000,546,True,0,0,0,,,,[]
DS1000,547,True,0,0,0,,,,[]
DS1000,548,True,0,0,0,,,,[]
DS1000,549,True,0,0,0,,,,[]
DS1000,550,True,0,0,0,,,,[]
DS1000,551,True,0,0,0,,,,[]
DS1000,552,True,0,0,0,,,,[]
DS1000,553,True,0,0,0,,,,[]
DS1000,554,True,0,0,0,,,,[]
DS1000,555,True,0,0,0,,,,[]
DS1000,556,True,0,0,0,,,,[]
DS1000,557,True,0,0,0,,,,[]
DS1000,558,True,0,0,0,,,,[]
DS1000,559,True,0,0,0,,,,[]
DS1000,560,True,0,0,0,,,,[]
DS1000,561,True,0,0,0,,,,[]
DS1000,562,True,0,0,0,,,,[]
DS1000,563,True,0,0,0,,,,[]
DS1000,564,True,0,0,0,,,,[]
DS1000,565,True,0,0,0,,,,[]
DS1000,566,True,0,0,0,,,,[]
DS1000,567,True,0,0,0,,,,[]
DS1000,568,True,0,0,0,,,,[]
DS1000,569,True,0,0,0,,,,[]
DS1000,570,True,0,0,0,,,,[]
DS1000,571,True,0,0,0,,,,[]
DS1000,572,True,0,0,0,,,,[]
DS1000,573,True,0,0,0,,,,[]
DS1000,574,True,0,0,0,,,,[]
DS1000,575,True,0,0,0,,,,[]
DS1000,576,True,0,0,0,,,,[]
DS1000,577,True,0,0,0,,,,[]
DS1000,578,True,0,0,0,,,,[]
DS1000,579,True,0,0,0,,,,[]
DS1000,580,True,0,0,0,,,,[]
DS1000,581,True,0,0,0,,,,[]
DS1000,582,True,0,0,0,,,,[]
DS1000,583,True,0,0,0,,,,[]
DS1000,584,True,0,0,0,,,,[]
DS1000,585,True,0,0,0,,,,[]
DS1000,586,True,0,0,0,,,,[]
DS1000,587,True,0,0,0,,,,[]
DS1000,588,True,0,0,0,,,,[]
DS1000,589,True,0,0,0,,,,[]
DS1000,590,True,0,0,0,,,,[]
DS1000,591,True,0,0,0,,,,[]
DS1000,592,True,0,0,0,,,,[]
DS1000,593,True,0,0,0,,,,[]
DS1000,594,True,0,0,0,,,,[]
DS1000,595,True,0,0,0,,,,[]
DS1000,596,True,0,0,0,,,,[]
DS1000,597,True,0,0,0,,,,[]
DS1000,598,True,0,0,0,,,,[]
DS1000,599,True,0,0,0,,,,[]
DS1000,600,True,0,0,0,,,,[]
DS1000,601,True,0,0,0,,,,[]
DS1000,602,True,0,0,0,,,,[]
DS1000,603,True,0,0,0,,,,[]
DS1000,604,True,0,0,0,,,,[]
DS1000,605,True,0,0,0,,,,[]
DS1000,606,True,0,0,0,,,,[]
DS1000,607,True,0,0,0,,,,[]
DS1000,608,True,0,0,0,,,,[]
DS1000,609,True,0,0,0,,,,[]
DS1000,610,True,0,0,0,,,,[]
DS1000,611,True,0,0,0,,,,[]
DS1000,612,True,0,0,0,,,,[]
DS1000,613,True,0,0,0,,,,[]
DS1000,614,True,0,0,0,,,,[]
DS1000,615,True,0,0,0,,,,[]
DS1000,616,True,0,0,0,,,,[]
DS1000,617,True,0,0,0,,,,[]
DS1000,618,True,0,0,0,,,,[]
DS1000,619,True,0,0,0,,,,[]
DS1000,620,True,0,0,0,,,,[]
DS1000,621,True,0,0,0,,,,[]
DS1000,622,True,0,0,0,,,,[]
DS1000,623,True,0,0,0,,,,[]
DS1000,624,True,0,0,0,,,,[]
DS1000,625,True,0,0,0,,,,[]
DS1000,626,True,0,0,0,,,,[]
DS1000,627,True,0,0,0,,,,[]
DS1000,628,True,0,0,0,,,,[]
DS1000,629,True,0,0,0,,,,[]
DS1000,630,True,0,0,0,,,,[]
DS1000,631,True,0,0,0,,,,[]
DS1000,632,True,0,0,0,,,,[]
DS1000,633,True,0,0,0,,,,[]
DS1000,634,True,0,0,0,,,,[]
DS1000,635,True,0,0,0,,,,[]
DS1000,636,True,0,0,0,,,,[]
DS1000,637,True,0,0,0,,,,[]
DS1000,638,True,0,0,0,,,,[]
DS1000,639,True,0,0,0,,,,[]
DS1000,640,True,0,0,0,,,,[]
DS1000,641,True,0,0,0,,,,[]
DS1000,642,True,0,0,0,,,,[]
DS1000,643,True,0,0,0,,,,[]
DS1000,644,True,0,0,0,,,,[]
DS1000,645,True,0,0,0,,,,[]
DS1000,646,True,0,0,0,,,,[]
DS1000,647,True,0,0,0,,,,[]
DS1000,648,True,0,0,0,,,,[]
DS1000,649,True,0,0,0,,,,[]
DS1000,650,True,0,0,0,,,,[]
DS1000,651,True,0,0,0,,,,[]
DS1000,652,True,0,0,0,,,,[]
DS1000,653,True,0,0,0,,,,[]
DS1000,654,True,0,0,0,,,,[]
DS1000,655,True,0,0,0,,,,[]
DS1000,656,True,0,0,0,,,,[]
DS1000,657,True,0,0,0,,,,[]
DS1000,658,True,0,0,0,,,,[]
DS1000,659,True,0,0,0,,,,[]
DS1000,660,True,0,0,0,,,,[]
DS1000,661,True,0,0,0,,,,[]
DS1000,662,True,0,0,0,,,,[]
DS1000,663,True,0,0,0,,,,[]
DS1000,664,True,0,0,0,,,,[]
DS1000,665,True,0,0,0,,,,[]
DS1000,666,True,0,0,0,,,,[]
DS1000,667,True,0,0,0,,,,[]
DS1000,668,True,0,0,0,,,,[]
DS1000,669,True,0,0,0,,,,[]
DS1000,670,True,0,0,0,,,,[]
DS1000,671,False,0,1,0,IndentationError,5.0,"expected an indented block after function definition on line 4 (<unknown>, line 5)",[]
DS1000,672,True,0,0,0,,,,[]
DS1000,673,True,0,0,0,,,,[]
DS1000,674,False,0,1,0,IndentationError,6.0,"expected an indented block after function definition on line 5 (<unknown>, line 6)",[]
DS1000,675,True,0,0,0,,,,[]
DS1000,676,True,0,0,0,,,,[]
DS1000,677,True,0,0,0,,,,[]
DS1000,678,False,0,1,0,IndentationError,5.0,"expected an indented block after function definition on line 4 (<unknown>, line 5)",[]
DS1000,679,True,0,0,0,,,,[]
DS1000,680,True,0,0,0,,,,[]
DS1000,681,False,0,1,0,IndentationError,5.0,"expected an indented block after function definition on line 4 (<unknown>, line 5)",[]
DS1000,682,True,0,0,0,,,,[]
DS1000,683,True,0,0,0,,,,[]
DS1000,684,True,0,0,0,,,,[]
DS1000,685,True,0,0,0,,,,[]
DS1000,686,True,0,0,0,,,,[]
DS1000,687,True,0,0,0,,,,[]
DS1000,688,True,0,0,0,,,,[]
DS1000,689,True,0,0,0,,,,[]
DS1000,690,False,0,1,0,IndentationError,5.0,"expected an indented block after function definition on line 4 (<unknown>, line 5)",[]
DS1000,691,True,0,0,0,,,,[]
DS1000,692,True,0,0,0,,,,[]
DS1000,693,False,0,1,0,IndentationError,5.0,"expected an indented block after function definition on line 4 (<unknown>, line 5)",[]
DS1000,694,True,0,0,0,,,,[]
DS1000,695,True,0,0,0,,,,[]
DS1000,696,True,0,0,0,,,,[]
DS1000,697,False,0,1,0,IndentationError,5.0,"expected an indented block after function definition on line 4 (<unknown>, line 5)",[]
DS1000,698,True,0,0,0,,,,[]
DS1000,699,True,0,0,0,,,,[]
DS1000,700,False,0,1,0,IndentationError,5.0,"expected an indented block after function definition on line 4 (<unknown>, line 5)",[]
DS1000,701,True,0,0,0,,,,[]
DS1000,702,True,0,0,0,,,,[]
DS1000,703,True,0,0,0,,,,[]
DS1000,704,False,0,1,0,IndentationError,5.0,"expected an indented block after function definition on line 4 (<unknown>, line 5)",[]
DS1000,705,True,0,0,0,,,,[]
DS1000,706,True,0,0,0,,,,[]
DS1000,707,True,0,0,0,,,,[]
DS1000,708,True,0,0,0,,,,[]
DS1000,709,False,0,1,0,IndentationError,5.0,"expected an indented block after function definition on line 4 (<unknown>, line 5)",[]
DS1000,710,True,0,0,0,,,,[]
DS1000,711,True,0,0,0,,,,[]
DS1000,712,True,0,0,0,,,,[]
DS1000,713,True,0,0,0,,,,[]
DS1000,714,True,0,0,0,,,,[]
DS1000,715,True,0,0,0,,,,[]
DS1000,716,True,0,0,0,,,,[]
DS1000,717,True,0,0,0,,,,[]
DS1000,718,True,0,0,0,,,,[]
DS1000,719,True,0,0,0,,,,[]
DS1000,720,True,0,0,0,,,,[]
DS1000,721,True,0,0,0,,,,[]
DS1000,722,True,0,0,0,,,,[]
DS1000,723,False,0,1,0,IndentationError,6.0,"expected an indented block after function definition on line 5 (<unknown>, line 6)",[]
DS1000,724,True,0,0,0,,,,[]
DS1000,725,True,0,0,0,,,,[]
DS1000,726,True,0,0,0,,,,[]
DS1000,727,True,0,0,0,,,,[]
DS1000,728,True,0,0,0,,,,[]
DS1000,729,False,0,1,0,IndentationError,14.0,"expected an indented block after function definition on line 13 (<unknown>, line 14)",[]
DS1000,730,True,0,0,0,,,,[]
DS1000,731,True,0,0,0,,,,[]
DS1000,732,True,0,0,0,,,,[]
DS1000,733,True,0,0,0,,,,[]
DS1000,734,True,0,0,0,,,,[]
DS1000,735,True,0,0,0,,,,[]
DS1000,736,True,0,0,0,,,,[]
DS1000,737,True,0,0,0,,,,[]
DS1000,738,True,0,0,0,,,,[]
DS1000,739,True,0,0,0,,,,[]
DS1000,740,True,0,0,0,,,,[]
DS1000,741,True,0,0,0,,,,[]
DS1000,742,False,0,1,0,IndentationError,5.0,"expected an indented block after function definition on line 4 (<unknown>, line 5)",[]
DS1000,743,True,0,0,0,,,,[]
DS1000,744,True,0,0,0,,,,[]
DS1000,745,True,0,0,0,,,,[]
DS1000,746,True,0,0,0,,,,[]
DS1000,747,True,0,0,0,,,,[]
DS1000,748,True,0,0,0,,,,[]
DS1000,749,True,0,0,0,,,,[]
DS1000,750,True,0,0,0,,,,[]
DS1000,751,False,0,1,0,IndentationError,6.0,"expected an indented block after function definition on line 5 (<unknown>, line 6)",[]
DS1000,752,True,0,0,0,,,,[]
DS1000,753,True,0,0,0,,,,[]
DS1000,754,True,0,0,0,,,,[]
DS1000,755,True,0,0,0,,,,[]
DS1000,756,True,0,0,0,,,,[]
DS1000,757,True,0,0,0,,,,[]
DS1000,758,True,0,0,0,,,,[]
DS1000,759,True,0,0,0,,,,[]
DS1000,760,False,0,1,0,IndentationError,5.0,"expected an indented block after function definition on line 4 (<unknown>, line 5)",[]
DS1000,761,True,0,0,0,,,,[]
DS1000,762,True,0,0,0,,,,[]
DS1000,763,True,0,0,0,,,,[]
DS1000,764,True,0,0,0,,,,[]
DS1000,765,True,0,0,0,,,,[]
DS1000,766,True,0,0,0,,,,[]
DS1000,767,True,0,0,0,,,,[]
DS1000,768,True,0,0,0,,,,[]
DS1000,769,True,0,0,0,,,,[]
DS1000,770,True,0,0,0,,,,[]
DS1000,771,True,0,0,0,,,,[]
DS1000,772,True,0,0,0,,,,[]
DS1000,773,False,0,1,0,IndentationError,9.0,"expected an indented block after function definition on line 8 (<unknown>, line 9)",[]
DS1000,774,True,0,0,0,,,,[]
DS1000,775,True,0,0,0,,,,[]
DS1000,776,True,0,0,0,,,,[]
DS1000,777,True,0,0,0,,,,[]
DS1000,778,True,0,0,0,,,,[]
DS1000,779,True,0,0,0,,,,[]
DS1000,780,True,0,0,0,,,,[]
DS1000,781,True,0,0,0,,,,[]
DS1000,782,True,0,0,0,,,,[]
DS1000,783,True,0,0,0,,,,[]
DS1000,784,False,0,1,0,IndentationError,6.0,"expected an indented block after function definition on line 5 (<unknown>, line 6)",[]
DS1000,785,True,0,0,0,,,,[]
DS1000,786,True,0,0,0,,,,[]
DS1000,787,True,0,0,0,,,,[]
DS1000,788,True,0,0,0,,,,[]
DS1000,789,True,0,0,0,,,,[]
DS1000,790,True,0,0,0,,,,[]
DS1000,791,True,0,0,0,,,,[]
DS1000,792,True,0,0,0,,,,[]
DS1000,793,True,0,0,0,,,,[]
DS1000,794,True,0,0,0,,,,[]
DS1000,795,False,0,1,0,IndentationError,5.0,"expected an indented block after function definition on line 4 (<unknown>, line 5)",[]
DS1000,796,True,0,0,0,,,,[]
DS1000,797,True,0,0,0,,,,[]
DS1000,798,True,0,0,0,,,,[]
DS1000,799,True,0,0,0,,,,[]
DS1000,800,True,0,0,0,,,,[]
DS1000,801,True,0,0,0,,,,[]
DS1000,802,True,0,0,0,,,,[]
DS1000,803,True,0,0,0,,,,[]
DS1000,804,True,0,0,0,,,,[]
DS1000,805,True,0,0,0,,,,[]
DS1000,806,True,0,0,0,,,,[]
DS1000,807,True,0,0,0,,,,[]
DS1000,808,True,0,0,0,,,,[]
DS1000,809,True,0,0,0,,,,[]
DS1000,810,True,0,0,0,,,,[]
DS1000,811,True,0,0,0,,,,[]
DS1000,812,True,0,0,0,,,,[]
DS1000,813,True,0,0,0,,,,[]
DS1000,814,True,0,0,0,,,,[]
DS1000,815,True,0,0,0,,,,[]
DS1000,816,True,0,0,0,,,,[]
DS1000,817,True,0,0,0,,,,[]
DS1000,818,True,0,0,0,,,,[]
DS1000,819,True,0,0,0,,,,[]
DS1000,820,False,0,1,0,IndentationError,7.0,"expected an indented block after function definition on line 6 (<unknown>, line 7)",[]
DS1000,821,True,0,0,0,,,,[]
DS1000,822,True,0,0,0,,,,[]
DS1000,823,True,0,0,0,,,,[]
DS1000,824,True,0,0,0,,,,[]
DS1000,825,True,0,0,0,,,,[]
DS1000,826,True,0,0,0,,,,[]
DS1000,827,True,0,0,0,,,,[]
DS1000,828,True,0,0,0,,,,[]
DS1000,829,True,0,0,0,,,,[]
DS1000,830,False,0,1,0,IndentationError,7.0,"expected an indented block after function definition on line 6 (<unknown>, line 7)",[]
DS1000,831,True,0,0,0,,,,[]
DS1000,832,True,0,0,0,,,,[]
DS1000,833,True,0,0,0,,,,[]
DS1000,834,True,0,0,0,,,,[]
DS1000,835,True,0,0,0,,,,[]
DS1000,836,True,0,0,0,,,,[]
DS1000,837,True,0,0,0,,,,[]
DS1000,838,True,0,0,0,,,,[]
DS1000,839,True,0,0,0,,,,[]
DS1000,840,True,0,0,0,,,,[]
DS1000,841,True,0,0,0,,,,[]
DS1000,842,False,0,1,0,IndentationError,10.0,"expected an indented block after function definition on line 9 (<unknown>, line 10)",[]
DS1000,843,True,0,0,0,,,,[]
DS1000,844,True,0,0,0,,,,[]
DS1000,845,False,1,0,0,SyntaxError,6.0,"invalid syntax (<unknown>, line 6)",[]
DS1000,846,True,0,0,0,,,,[]
DS1000,847,True,0,0,0,,,,[]
DS1000,848,True,0,0,0,,,,[]
DS1000,849,True,0,0,0,,,,[]
DS1000,850,True,0,0,0,,,,[]
DS1000,851,True,0,0,0,,,,[]
DS1000,852,True,0,0,0,,,,[]
DS1000,853,True,0,0,0,,,,[]
DS1000,854,True,0,0,0,,,,[]
DS1000,855,True,0,0,0,,,,[]
DS1000,856,True,0,0,0,,,,[]
DS1000,857,True,0,0,0,,,,[]
DS1000,858,True,0,0,0,,,,[]
DS1000,859,True,0,0,0,,,,[]
DS1000,860,True,0,0,0,,,,[]
DS1000,861,True,0,0,0,,,,[]
DS1000,862,True,0,0,0,,,,[]
DS1000,863,True,0,0,0,,,,[]
DS1000,864,True,0,0,0,,,,[]
DS1000,865,False,0,1,0,IndentationError,8.0,"expected an indented block after function definition on line 7 (<unknown>, line 8)",[]
DS1000,866,True,0,0,0,,,,[]
DS1000,867,True,0,0,0,,,,[]
DS1000,868,True,0,0,0,,,,[]
DS1000,869,True,0,0,0,,,,[]
DS1000,870,True,0,0,0,,,,[]
DS1000,871,True,0,0,0,,,,[]
DS1000,872,True,0,0,0,,,,[]
DS1000,873,True,0,0,0,,,,[]
DS1000,874,True,0,0,0,,,,[]
DS1000,875,True,0,0,0,,,,[]
DS1000,876,True,0,0,0,,,,[]
DS1000,877,True,0,0,0,,,,[]
DS1000,878,False,0,1,0,IndentationError,7.0,"expected an indented block after function definition on line 6 (<unknown>, line 7)",[]
DS1000,879,True,0,0,0,,,,[]
DS1000,880,True,0,0,0,,,,[]
DS1000,881,True,0,0,0,,,,[]
DS1000,882,True,0,0,0,,,,[]
DS1000,883,True,0,0,0,,,,[]
DS1000,884,True,0,0,0,,,,[]
DS1000,885,True,0,0,0,,,,[]
DS1000,886,True,0,0,0,,,,[]
DS1000,887,True,0,0,0,,,,[]
DS1000,888,True,0,0,0,,,,[]
DS1000,889,True,0,0,0,,,,[]
DS1000,890,True,0,0,0,,,,[]
DS1000,891,True,0,0,0,,,,[]
DS1000,892,True,0,0,0,,,,[]
DS1000,893,True,0,0,0,,,,[]
DS1000,894,True,0,0,0,,,,[]
DS1000,895,True,0,0,0,,,,[]
DS1000,896,False,0,1,0,IndentationError,6.0,"expected an indented block after function definition on line 5 (<unknown>, line 6)",[]
DS1000,897,True,0,0,0,,,,[]
DS1000,898,True,0,0,0,,,,[]
DS1000,899,True,0,0,0,,,,[]
DS1000,900,True,0,0,0,,,,[]
DS1000,901,False,0,1,0,IndentationError,11.0,"expected an indented block after function definition on line 10 (<unknown>, line 11)",[]
DS1000,902,True,0,0,0,,,,[]
DS1000,903,True,0,0,0,,,,[]
DS1000,904,True,0,0,0,,,,[]
DS1000,905,True,0,0,0,,,,[]
DS1000,906,True,0,0,0,,,,[]
DS1000,907,True,0,0,0,,,,[]
DS1000,908,True,0,0,0,,,,[]
DS1000,909,True,0,0,0,,,,[]
DS1000,910,False,0,1,0,IndentationError,7.0,"expected an indented block after function definition on line 6 (<unknown>, line 7)",[]
DS1000,911,True,0,0,0,,,,[]
DS1000,912,True,0,0,0,,,,[]
DS1000,913,True,0,0,0,,,,[]
DS1000,914,False,0,1,0,IndentationError,7.0,"expected an indented block after function definition on line 6 (<unknown>, line 7)",[]
DS1000,915,True,0,0,0,,,,[]
DS1000,916,True,0,0,0,,,,[]
DS1000,917,True,0,0,0,,,,[]
DS1000,918,True,0,0,0,,,,[]
DS1000,919,True,0,0,0,,,,[]
DS1000,920,True,0,0,0,,,,[]
DS1000,921,True,0,0,0,,,,[]
DS1000,922,True,0,0,0,,,,[]
DS1000,923,False,0,1,0,IndentationError,7.0,"expected an indented block after function definition on line 6 (<unknown>, line 7)",[]
DS1000,924,True,0,0,0,,,,[]
DS1000,925,True,0,0,0,,,,[]
DS1000,926,True,0,0,0,,,,[]
DS1000,927,True,0,0,0,,,,[]
DS1000,928,True,0,0,0,,,,[]
DS1000,929,True,0,0,0,,,,[]
DS1000,930,True,0,0,0,,,,[]
DS1000,931,True,0,0,0,,,,[]
DS1000,932,True,0,0,0,,,,[]
DS1000,933,True,0,0,0,,,,[]
DS1000,934,True,0,0,0,,,,[]
DS1000,935,True,0,0,0,,,,[]
DS1000,936,True,0,0,0,,,,[]
DS1000,937,True,0,0,0,,,,[]
DS1000,938,True,0,0,0,,,,[]
DS1000,939,True,0,0,0,,,,[]
DS1000,940,True,0,0,0,,,,[]
DS1000,941,True,0,0,0,,,,[]
DS1000,942,True,0,0,0,,,,[]
DS1000,943,True,0,0,0,,,,[]
DS1000,944,True,0,0,0,,,,[]
DS1000,945,False,0,1,0,IndentationError,7.0,"expected an indented block after function definition on line 6 (<unknown>, line 7)",[]
DS1000,946,True,0,0,0,,,,[]
DS1000,947,True,0,0,0,,,,[]
DS1000,948,True,0,0,0,,,,[]
DS1000,949,True,0,0,0,,,,[]
DS1000,950,False,0,1,0,IndentationError,7.0,"expected an indented block after function definition on line 6 (<unknown>, line 7)",[]
DS1000,951,True,0,0,0,,,,[]
DS1000,952,True,0,0,0,,,,[]
DS1000,953,True,0,0,0,,,,[]
DS1000,954,False,0,1,0,IndentationError,7.0,"expected an indented block after function definition on line 6 (<unknown>, line 7)",[]
DS1000,955,True,0,0,0,,,,[]
DS1000,956,False,0,1,0,IndentationError,7.0,"expected an indented block after function definition on line 6 (<unknown>, line 7)",[]
DS1000,957,True,0,0,0,,,,[]
DS1000,958,True,0,0,0,,,,[]
DS1000,959,False,0,1,0,IndentationError,7.0,"expected an indented block after function definition on line 6 (<unknown>, line 7)",[]
DS1000,960,True,0,0,0,,,,[]
DS1000,961,True,0,0,0,,,,[]
DS1000,962,True,0,0,0,,,,[]
DS1000,963,True,0,0,0,,,,[]
DS1000,964,True,0,0,0,,,,[]
DS1000,965,True,0,0,0,,,,[]
DS1000,966,False,0,1,0,IndentationError,7.0,"expected an indented block after function definition on line 6 (<unknown>, line 7)",[]
DS1000,967,True,0,0,0,,,,[]
DS1000,968,True,0,0,0,,,,[]
DS1000,969,True,0,0,0,,,,[]
DS1000,970,True,0,0,0,,,,[]
DS1000,971,True,0,0,0,,,,[]
DS1000,972,True,0,0,0,,,,[]
DS1000,973,True,0,0,0,,,,[]
DS1000,974,True,0,0,0,,,,[]
DS1000,975,True,0,0,0,,,,[]
DS1000,976,True,0,0,0,,,,[]
DS1000,977,False,0,1,0,IndentationError,7.0,"expected an indented block after function definition on line 6 (<unknown>, line 7)",[]
DS1000,978,False,0,1,0,IndentationError,7.0,"expected an indented block after function definition on line 6 (<unknown>, line 7)",[]
DS1000,979,True,0,0,0,,,,[]
DS1000,980,True,0,0,0,,,,[]
DS1000,981,True,0,0,0,,,,[]
DS1000,982,True,0,0,0,,,,[]
DS1000,983,False,0,1,0,IndentationError,7.0,"expected an indented block after function definition on line 6 (<unknown>, line 7)",[]
DS1000,984,True,0,0,0,,,,[]
DS1000,985,True,0,0,0,,,,[]
DS1000,986,True,0,0,0,,,,[]
DS1000,987,True,0,0,0,,,,[]
DS1000,988,True,0,0,0,,,,[]
DS1000,989,True,0,0,0,,,,[]
DS1000,990,True,0,0,0,,,,[]
DS1000,991,True,0,0,0,,,,[]
DS1000,992,False,0,1,0,IndentationError,7.0,"expected an indented block after function definition on line 6 (<unknown>, line 7)",[]
DS1000,993,True,0,0,0,,,,[]
DS1000,994,True,0,0,0,,,,[]
DS1000,995,False,0,1,0,IndentationError,7.0,"expected an indented block after function definition on line 6 (<unknown>, line 7)",[]
DS1000,996,True,0,0,0,,,,[]
DS1000,997,True,0,0,0,,,,[]
DS1000,998,True,0,0,0,,,,[]
DS1000,999,True,0,0,0,,,,[]
HumanEval,0,True,0,0,0,,,,[]
HumanEval,1,True,0,0,0,,,,[]
HumanEval,2,True,0,0,0,,,,[]
HumanEval,3,True,0,0,0,,,,[]
HumanEval,4,True,0,0,0,,,,[]
HumanEval,5,True,0,0,0,,,,[]
HumanEval,6,True,0,0,0,,,,[]
HumanEval,7,True,0,0,0,,,,[]
HumanEval,8,True,0,0,0,,,,[]
HumanEval,9,True,0,0,0,,,,[]
HumanEval,10,True,0,0,0,,,,[]
HumanEval,11,True,0,0,0,,,,[]
HumanEval,12,True,0,0,0,,,,[]
HumanEval,13,True,0,0,0,,,,[]
HumanEval,14,True,0,0,0,,,,[]
HumanEval,15,True,0,0,0,,,,[]
HumanEval,16,True,0,0,0,,,,[]
HumanEval,17,True,0,0,0,,,,[]
HumanEval,18,True,0,0,0,,,,[]
HumanEval,19,True,0,0,0,,,,[]
HumanEval,20,True,0,0,0,,,,[]
HumanEval,21,True,0,0,0,,,,[]
HumanEval,22,True,0,0,0,,,,[]
HumanEval,23,True,0,0,0,,,,[]
HumanEval,24,True,0,0,0,,,,[]
HumanEval,25,True,0,0,0,,,,[]
HumanEval,26,True,0,0,0,,,,[]
HumanEval,27,True,0,0,0,,,,[]
HumanEval,28,True,0,0,0,,,,[]
HumanEval,29,True,0,0,0,,,,[]
HumanEval,30,True,0,0,0,,,,[]
HumanEval,31,True,0,0,0,,,,[]
HumanEval,32,True,0,0,0,,,,[]
HumanEval,33,True,0,0,0,,,,[]
HumanEval,34,True,0,0,0,,,,[]
HumanEval,35,True,0,0,0,,,,[]
HumanEval,36,True,0,0,0,,,,[]
HumanEval,37,True,0,0,0,,,,[]
HumanEval,38,True,0,0,0,,,,[]
HumanEval,39,True,0,0,0,,,,[]
HumanEval,40,True,0,0,0,,,,[]
HumanEval,41,True,0,0,0,,,,[]
HumanEval,42,True,0,0,0,,,,[]
HumanEval,43,True,0,0,0,,,,[]
HumanEval,44,True,0,0,0,,,,[]
HumanEval,45,True,0,0,0,,,,[]
HumanEval,46,True,0,0,0,,,,[]
HumanEval,47,True,0,0,0,,,,[]
HumanEval,48,True,0,0,0,,,,[]
HumanEval,49,True,0,0,0,,,,[]
HumanEval,50,True,0,0,0,,,,[]
HumanEval,51,True,0,0,0,,,,[]
HumanEval,52,True,0,0,0,,,,[]
HumanEval,53,True,0,0,0,,,,[]
HumanEval,54,True,0,0,0,,,,[]
HumanEval,55,True,0,0,0,,,,[]
HumanEval,56,True,0,0,0,,,,[]
HumanEval,57,True,0,0,0,,,,[]
HumanEval,58,True,0,0,0,,,,[]
HumanEval,59,True,0,0,0,,,,[]
HumanEval,60,True,0,0,0,,,,[]
HumanEval,61,True,0,0,0,,,,[]
HumanEval,62,True,0,0,0,,,,[]
HumanEval,63,True,0,0,0,,,,[]
HumanEval,64,True,0,0,0,,,,[]
HumanEval,65,True,0,0,0,,,,[]
HumanEval,66,True,0,0,0,,,,[]
HumanEval,67,True,0,0,0,,,,[]
HumanEval,68,True,0,0,0,,,,[]
HumanEval,69,True,0,0,0,,,,[]
HumanEval,70,True,0,0,0,,,,[]
HumanEval,71,True,0,0,0,,,,[]
HumanEval,72,True,0,0,0,,,,[]
HumanEval,73,True,0,0,0,,,,[]
HumanEval,74,True,0,0,0,,,,[]
HumanEval,75,True,0,0,0,,,,[]
HumanEval,76,False,1,0,0,SyntaxError,15.0,"invalid character '➞' (U+279E) (<unknown>, line 15)",[]
HumanEval,77,True,0,0,0,,,,[]
HumanEval,78,True,0,0,0,,,,[]
HumanEval,79,True,0,0,0,,,,[]
HumanEval,80,True,0,0,0,,,,[]
HumanEval,81,True,0,0,0,,,,[]
HumanEval,82,False,1,0,0,SyntaxError,17.0,"invalid character '➞' (U+279E) (<unknown>, line 17)",[]
HumanEval,83,True,0,0,0,,,,[]
HumanEval,84,True,0,0,0,,,,[]
HumanEval,85,True,0,0,0,,,,[]
HumanEval,86,True,0,0,0,,,,[]
HumanEval,87,False,1,0,0,SyntaxError,19.0,"invalid character '➞' (U+279E) (<unknown>, line 19)",[]
HumanEval,88,True,0,0,0,,,,[]
HumanEval,89,True,0,0,0,,,,[]
HumanEval,90,True,0,0,0,,,,[]
HumanEval,91,True,0,0,0,,,,[]
HumanEval,92,True,0,0,0,,,,[]
HumanEval,93,True,0,0,0,,,,[]
HumanEval,94,True,0,0,0,,,,[]
HumanEval,95,True,0,0,0,,,,[]
HumanEval,96,True,0,0,0,,,,[]
HumanEval,97,True,0,0,0,,,,[]
HumanEval,98,True,0,0,0,,,,[]
HumanEval,99,True,0,0,0,,,,[]
HumanEval,100,True,0,0,0,,,,[]
HumanEval,101,True,0,0,0,,,,[]
HumanEval,102,True,0,0,0,,,,[]
HumanEval,103,True,0,0,0,,,,[]
HumanEval,104,True,0,0,0,,,,[]
HumanEval,105,True,0,0,0,,,,[]
HumanEval,106,True,0,0,0,,,,[]
HumanEval,107,True,0,0,0,,,,[]
HumanEval,108,True,0,0,0,,,,[]
HumanEval,109,True,0,0,0,,,,[]
HumanEval,110,True,0,0,0,,,,[]
HumanEval,111,True,0,0,0,,,,[]
HumanEval,112,True,0,0,0,,,,[]
HumanEval,113,True,0,0,0,,,,[]
HumanEval,114,True,0,0,0,,,,[]
HumanEval,115,True,0,0,0,,,,[]
HumanEval,116,True,0,0,0,,,,[]
HumanEval,117,True,0,0,0,,,,[]
HumanEval,118,True,0,0,0,,,,[]
HumanEval,119,True,0,0,0,,,,[]
HumanEval,120,True,0,0,0,,,,[]
HumanEval,121,True,0,0,0,,,,[]
HumanEval,122,True,0,0,0,,,,[]
HumanEval,123,True,0,0,0,,,,[]
HumanEval,124,True,0,0,0,,,,[]
HumanEval,125,True,0,0,0,,,,[]
HumanEval,126,True,0,0,0,,,,[]
HumanEval,127,True,0,0,0,,,,[]
HumanEval,128,True,0,0,0,,,,[]
HumanEval,129,True,0,0,0,,,,[]
HumanEval,130,True,0,0,0,,,,[]
HumanEval,131,True,0,0,0,,,,[]
HumanEval,132,True,0,0,0,,,,[]
HumanEval,133,True,0,0,0,,,,[]
HumanEval,134,True,0,0,0,,,,[]
HumanEval,135,True,0,0,0,,,,[]
HumanEval,136,True,0,0,0,,,,[]
HumanEval,137,True,0,0,0,,,,[]
HumanEval,138,True,0,0,0,,,,[]
HumanEval,139,True,0,0,0,,,,[]
HumanEval,140,True,0,0,0,,,,[]
HumanEval,141,True,0,0,0,,,,[]
HumanEval,142,True,0,0,0,,,,[]
HumanEval,143,True,0,0,0,,,,[]
HumanEval,144,True,0,0,0,,,,[]
HumanEval,145,True,0,0,0,,,,[]
HumanEval,146,True,0,0,0,,,,[]
HumanEval,147,True,0,0,0,,,,[]
HumanEval,148,True,0,0,0,,,,[]
HumanEval,149,True,0,0,0,,,,[]
HumanEval,150,True,0,0,0,,,,[]
HumanEval,151,True,0,0,0,,,,[]
HumanEval,152,True,0,0,0,,,,[]
HumanEval,153,True,0,0,0,,,,[]
HumanEval,154,True,0,0,0,,,,[]
HumanEval,155,True,0,0,0,,,,[]
HumanEval,156,True,0,0,0,,,,[]
HumanEval,157,True,0,0,0,,,,[]
HumanEval,158,True,0,0,0,,,,[]
HumanEval,159,True,0,0,0,,,,[]
HumanEval,160,True,0,0,0,,,,[]
HumanEval,161,True,0,0,0,,,,[]
HumanEval,162,True,0,0,0,,,,[]
HumanEval,163,True,0,0,0,,,,[]
MBPP,0,True,0,0,0,,,,[]
MBPP,1,True,0,0,0,,,,[]
MBPP,2,True,0,0,0,,,,[]
MBPP,3,True,0,0,0,,,,[]
MBPP,4,True,0,0,0,,,,[]
MBPP,5,True,0,0,0,,,,[]
MBPP,6,True,0,0,0,,,,[]
MBPP,7,True,0,0,0,,,,[]
MBPP,8,True,0,0,0,,,,[]
MBPP,9,True,0,0,0,,,,[]
MBPP,10,True,0,0,0,,,,[]
MBPP,11,True,0,0,0,,,,[]
MBPP,12,True,0,0,0,,,,[]
MBPP,13,True,0,0,0,,,,[]
MBPP,14,True,0,0,0,,,,[]
MBPP,15,True,0,0,0,,,,[]
MBPP,16,True,0,0,0,,,,[]
MBPP,17,True,0,0,0,,,,[]
MBPP,18,True,0,0,0,,,,[]
MBPP,19,True,0,0,0,,,,[]
MBPP,20,True,0,0,0,,,,[]
MBPP,21,True,0,0,0,,,,[]
MBPP,22,True,0,0,0,,,,[]
MBPP,23,True,0,0,0,,,,[]
MBPP,24,True,0,0,0,,,,[]
MBPP,25,True,0,0,0,,,,[]
MBPP,26,True,0,0,0,,,,[]
MBPP,27,True,0,0,0,,,,[]
MBPP,28,True,0,0,0,,,,[]
MBPP,29,True,0,0,0,,,,[]
MBPP,30,True,0,0,0,,,,[]
MBPP,31,True,0,0,0,,,,[]
MBPP,32,True,0,0,0,,,,[]
MBPP,33,True,0,0,0,,,,[]
MBPP,34,True,0,0,0,,,,[]
MBPP,35,False,1,0,0,SyntaxError,31.0,"unterminated string literal (detected at line 31) (<unknown>, line 31)",[]
MBPP,36,True,0,0,0,,,,[]
MBPP,37,True,0,0,0,,,,[]
MBPP,38,True,0,0,0,,,,[]
MBPP,39,True,0,0,0,,,,[]
MBPP,40,True,0,0,0,,,,[]
MBPP,41,True,0,0,0,,,,[]
MBPP,42,True,0,0,0,,,,[]
MBPP,43,True,0,0,0,,,,[]
MBPP,44,True,0,0,0,,,,[]
MBPP,45,True,0,0,0,,,,[]
MBPP,46,True,0,0,0,,,,[]
MBPP,47,True,0,0,0,,,,[]
MBPP,48,True,0,0,0,,,,[]
MBPP,49,True,0,0,0,,,,[]
MBPP,50,True,0,0,0,,,,[]
MBPP,51,True,0,0,0,,,,[]
MBPP,52,True,0,0,0,,,,[]
MBPP,53,True,0,0,0,,,,[]
MBPP,54,True,0,0,0,,,,[]
MBPP,55,True,0,0,0,,,,[]
MBPP,56,True,0,0,0,,,,[]
MBPP,57,True,0,0,0,,,,[]
MBPP,58,True,0,0,0,,,,[]
MBPP,59,True,0,0,0,,,,[]
MBPP,60,True,0,0,0,,,,[]
MBPP,61,True,0,0,0,,,,[]
MBPP,62,True,0,0,0,,,,[]
MBPP,63,True,0,0,0,,,,[]
MBPP,64,True,0,0,0,,,,[]
MBPP,65,True,0,0,0,,,,[]
MBPP,66,True,0,0,0,,,,[]
MBPP,67,True,0,0,0,,,,[]
MBPP,68,True,0,0,0,,,,[]
MBPP,69,True,0,0,0,,,,[]
MBPP,70,True,0,0,0,,,,[]
MBPP,71,True,0,0,0,,,,[]
MBPP,72,True,0,0,0,,,,[]
MBPP,73,True,0,0,0,,,,[]
MBPP,74,True,0,0,0,,,,[]
MBPP,75,True,0,0,0,,,,[]
MBPP,76,True,0,0,0,,,,[]
MBPP,77,True,0,0,0,,,,[]
MBPP,78,True,0,0,0,,,,[]
MBPP,79,True,0,0,0,,,,[]
MBPP,80,True,0,0,0,,,,[]
MBPP,81,True,0,0,0,,,,[]
MBPP,82,True,0,0,0,,,,[]
MBPP,83,True,0,0,0,,,,[]
MBPP,84,True,0,0,0,,,,[]
MBPP,85,True,0,0,0,,,,[]
MBPP,86,True,0,0,0,,,,[]
MBPP,87,True,0,0,0,,,,[]
MBPP,88,True,0,0,0,,,,[]
MBPP,89,True,0,0,0,,,,[]
MBPP,90,True,0,0,0,,,,[]
MBPP,91,True,0,0,0,,,,[]
MBPP,92,True,0,0,0,,,,[]
MBPP,93,True,0,0,0,,,,[]
MBPP,94,True,0,0,0,,,,[]
MBPP,95,True,0,0,0,,,,[]
MBPP,96,True,0,0,0,,,,[]
MBPP,97,True,0,0,0,,,,[]
MBPP,98,True,0,0,0,,,,[]
MBPP,99,True,0,0,0,,,,[]
MBPP,100,True,0,0,0,,,,[]
MBPP,101,True,0,0,0,,,,[]
MBPP,102,True,0,0,0,,,,[]
MBPP,103,True,0,0,0,,,,[]
MBPP,104,False,1,0,0,SyntaxError,46.0,"unterminated string literal (detected at line 46) (<unknown>, line 46)",[]
MBPP,105,True,0,0,0,,,,[]
MBPP,106,True,0,0,0,,,,[]
MBPP,107,True,0,0,0,,,,[]
MBPP,108,True,0,0,0,,,,[]
MBPP,109,True,0,0,0,,,,[]
MBPP,110,True,0,0,0,,,,[]
MBPP,111,True,0,0,0,,,,[]
MBPP,112,True,0,0,0,,,,[]
MBPP,113,True,0,0,0,,,,[]
MBPP,114,True,0,0,0,,,,[]
MBPP,115,True,0,0,0,,,,[]
MBPP,116,True,0,0,0,,,,[]
MBPP,117,True,0,0,0,,,,[]
MBPP,118,True,0,0,0,,,,[]
MBPP,119,True,0,0,0,,,,[]
MBPP,120,True,0,0,0,,,,[]
MBPP,121,True,0,0,0,,,,[]
MBPP,122,True,0,0,0,,,,[]
MBPP,123,True,0,0,0,,,,[]
MBPP,124,True,0,0,0,,,,[]
MBPP,125,True,0,0,0,,,,[]
MBPP,126,True,0,0,0,,,,[]
MBPP,127,True,0,0,0,,,,[]
MBPP,128,True,0,0,0,,,,[]
MBPP,129,True,0,0,0,,,,[]
MBPP,130,True,0,0,0,,,,[]
MBPP,131,True,0,0,0,,,,[]
MBPP,132,True,0,0,0,,,,[]
MBPP,133,True,0,0,0,,,,[]
MBPP,134,True,0,0,0,,,,[]
MBPP,135,True,0,0,0,,,,[]
MBPP,136,True,0,0,0,,,,[]
MBPP,137,True,0,0,0,,,,[]
MBPP,138,True,0,0,0,,,,[]
MBPP,139,True,0,0,0,,,,[]
MBPP,140,True,0,0,0,,,,[]
MBPP,141,True,0,0,0,,,,[]
MBPP,142,True,0,0,0,,,,[]
MBPP,143,True,0,0,0,,,,[]
MBPP,144,True,0,0,0,,,,[]
MBPP,145,True,0,0,0,,,,[]
MBPP,146,True,0,0,0,,,,[]
MBPP,147,True,0,0,0,,,,[]
MBPP,148,True,0,0,0,,,,[]
MBPP,149,True,0,0,0,,,,[]
MBPP,150,True,0,0,0,,,,[]
MBPP,151,True,0,0,0,,,,[]
MBPP,152,True,0,0,0,,,,[]
MBPP,153,True,0,0,0,,,,[]
MBPP,154,True,0,0,0,,,,[]
MBPP,155,True,0,0,0,,,,[]
MBPP,156,True,0,0,0,,,,[]
MBPP,157,True,0,0,0,,,,[]
MBPP,158,True,0,0,0,,,,[]
MBPP,159,True,0,0,0,,,,[]
MBPP,160,True,0,0,0,,,,[]
MBPP,161,True,0,0,0,,,,[]
MBPP,162,True,0,0,0,,,,[]
MBPP,163,True,0,0,0,,,,[]
MBPP,164,True,0,0,0,,,,[]
MBPP,165,True,0,0,0,,,,[]
MBPP,166,True,0,0,0,,,,[]
MBPP,167,True,0,0,0,,,,[]
MBPP,168,True,0,0,0,,,,[]
MBPP,169,True,0,0,0,,,,[]
MBPP,170,True,0,0,0,,,,[]
MBPP,171,True,0,0,0,,,,[]
MBPP,172,True,0,0,0,,,,[]
MBPP,173,True,0,0,0,,,,[]
MBPP,174,True,0,0,0,,,,[]
MBPP,175,True,0,0,0,,,,[]
MBPP,176,True,0,0,0,,,,[]
MBPP,177,True,0,0,0,,,,[]
MBPP,178,True,0,0,0,,,,[]
MBPP,179,True,0,0,0,,,,[]
MBPP,180,True,0,0,0,,,,[]
MBPP,181,True,0,0,0,,,,[]
MBPP,182,True,0,0,0,,,,[]
MBPP,183,True,0,0,0,,,,[]
MBPP,184,True,0,0,0,,,,[]
MBPP,185,True,0,0,0,,,,[]
MBPP,186,True,0,0,0,,,,[]
MBPP,187,True,0,0,0,,,,[]
MBPP,188,True,0,0,0,,,,[]
MBPP,189,True,0,0,0,,,,[]
MBPP,190,True,0,0,0,,,,[]
MBPP,191,True,0,0,0,,,,[]
MBPP,192,True,0,0,0,,,,[]
MBPP,193,True,0,0,0,,,,[]
MBPP,194,True,0,0,0,,,,[]
MBPP,195,True,0,0,0,,,,[]
MBPP,196,True,0,0,0,,,,[]
MBPP,197,True,0,0,0,,,,[]
MBPP,198,True,0,0,0,,,,[]
MBPP,199,True,0,0,0,,,,[]
MBPP,200,True,0,0,0,,,,[]
MBPP,201,True,0,0,0,,,,[]
MBPP,202,True,0,0,0,,,,[]
MBPP,203,True,0,0,0,,,,[]
MBPP,204,True,0,0,0,,,,[]
MBPP,205,True,0,0,0,,,,[]
MBPP,206,True,0,0,0,,,,[]
MBPP,207,True,0,0,0,,,,[]
MBPP,208,True,0,0,0,,,,[]
MBPP,209,True,0,0,0,,,,[]
MBPP,210,True,0,0,0,,,,[]
MBPP,211,True,0,0,0,,,,[]
MBPP,212,True,0,0,0,,,,[]
MBPP,213,True,0,0,0,,,,[]
MBPP,214,True,0,0,0,,,,[]
MBPP,215,True,0,0,0,,,,[]
MBPP,216,True,0,0,0,,,,[]
MBPP,217,True,0,0,0,,,,[]
MBPP,218,True,0,0,0,,,,[]
MBPP,219,True,0,0,0,,,,[]
MBPP,220,True,0,0,0,,,,[]
MBPP,221,True,0,0,0,,,,[]
MBPP,222,True,0,0,0,,,,[]
MBPP,223,True,0,0,0,,,,[]
MBPP,224,True,0,0,0,,,,[]
MBPP,225,True,0,0,0,,,,[]
MBPP,226,True,0,0,0,,,,[]
MBPP,227,True,0,0,0,,,,[]
MBPP,228,True,0,0,0,,,,[]
MBPP,229,True,0,0,0,,,,[]
MBPP,230,True,0,0,0,,,,[]
MBPP,231,True,0,0,0,,,,[]
MBPP,232,True,0,0,0,,,,[]
MBPP,233,True,0,0,0,,,,[]
MBPP,234,True,0,0,0,,,,[]
MBPP,235,True,0,0,0,,,,[]
MBPP,236,True,0,0,0,,,,[]
MBPP,237,True,0,0,0,,,,[]
MBPP,238,True,0,0,0,,,,[]
MBPP,239,True,0,0,0,,,,[]
MBPP,240,True,0,0,0,,,,[]
MBPP,241,True,0,0,0,,,,[]
MBPP,242,True,0,0,0,,,,[]
MBPP,243,True,0,0,0,,,,[]
MBPP,244,True,0,0,0,,,,[]
MBPP,245,True,0,0,0,,,,[]
MBPP,246,True,0,0,0,,,,[]
MBPP,247,True,0,0,0,,,,[]
MBPP,248,True,0,0,0,,,,[]
MBPP,249,True,0,0,0,,,,[]
MBPP,250,True,0,0,0,,,,[]
MBPP,251,True,0,0,0,,,,[]
MBPP,252,True,0,0,0,,,,[]
MBPP,253,True,0,0,0,,,,[]
MBPP,254,True,0,0,0,,,,[]
MBPP,255,True,0,0,0,,,,[]
MBPP,256,True,0,0,0,,,,[]
MBPP,257,True,0,0,0,,,,[]
MBPP,258,True,0,0,0,,,,[]
MBPP,259,True,0,0,0,,,,[]
MBPP,260,True,0,0,0,,,,[]
MBPP,261,True,0,0,0,,,,[]
MBPP,262,True,0,0,0,,,,[]
MBPP,263,True,0,0,0,,,,[]
MBPP,264,True,0,0,0,,,,[]
MBPP,265,True,0,0,0,,,,[]
MBPP,266,True,0,0,0,,,,[]
MBPP,267,True,0,0,0,,,,[]
MBPP,268,True,0,0,0,,,,[]
MBPP,269,True,0,0,0,,,,[]
MBPP,270,True,0,0,0,,,,[]
MBPP,271,True,0,0,0,,,,[]
MBPP,272,True,0,0,0,,,,[]
MBPP,273,True,0,0,0,,,,[]
MBPP,274,True,0,0,0,,,,[]
MBPP,275,True,0,0,0,,,,[]
MBPP,276,True,0,0,0,,,,[]
MBPP,277,True,0,0,0,,,,[]
MBPP,278,True,0,0,0,,,,[]
MBPP,279,True,0,0,0,,,,[]
MBPP,280,True,0,0,0,,,,[]
MBPP,281,True,0,0,0,,,,[]
MBPP,282,True,0,0,0,,,,[]
MBPP,283,True,0,0,0,,,,[]
MBPP,284,True,0,0,0,,,,[]
MBPP,285,True,0,0,0,,,,[]
MBPP,286,True,0,0,0,,,,[]
MBPP,287,True,0,0,0,,,,[]
MBPP,288,True,0,0,0,,,,[]
MBPP,289,False,1,0,0,SyntaxError,1.0,"invalid syntax (<unknown>, line 1)",[]
MBPP,290,True,0,0,0,,,,[]
MBPP,291,True,0,0,0,,,,[]
MBPP,292,True,0,0,0,,,,[]
MBPP,293,True,0,0,0,,,,[]
MBPP,294,True,0,0,0,,,,[]
MBPP,295,True,0,0,0,,,,[]
MBPP,296,True,0,0,0,,,,[]
MBPP,297,True,0,0,0,,,,[]
MBPP,298,True,0,0,0,,,,[]
MBPP,299,True,0,0,0,,,,[]
MBPP,300,True,0,0,0,,,,[]
MBPP,301,True,0,0,0,,,,[]
MBPP,302,True,0,0,0,,,,[]
MBPP,303,True,0,0,0,,,,[]
MBPP,304,True,0,0,0,,,,[]
MBPP,305,True,0,0,0,,,,[]
MBPP,306,True,0,0,0,,,,[]
MBPP,307,True,0,0,0,,,,[]
MBPP,308,True,0,0,0,,,,[]
MBPP,309,True,0,0,0,,,,[]
MBPP,310,True,0,0,0,,,,[]
MBPP,311,True,0,0,0,,,,[]
MBPP,312,True,0,0,0,,,,[]
MBPP,313,True,0,0,0,,,,[]
MBPP,314,True,0,0,0,,,,[]
MBPP,315,True,0,0,0,,,,[]
MBPP,316,True,0,0,0,,,,[]
MBPP,317,True,0,0,0,,,,[]
MBPP,318,True,0,0,0,,,,[]
MBPP,319,True,0,0,0,,,,[]
MBPP,320,True,0,0,0,,,,[]
MBPP,321,True,0,0,0,,,,[]
MBPP,322,True,0,0,0,,,,[]
MBPP,323,True,0,0,0,,,,[]
MBPP,324,True,0,0,0,,,,[]
MBPP,325,True,0,0,0,,,,[]
MBPP,326,True,0,0,0,,,,[]
